{
  "tempo": 143.5546875,
  "duration": 252.69120181405896,
  "notes": [
    {
      "time": 192.5166439909297,
      "button": 4,
      "frequency": 405.81912517781325
    },
    {
      "time": 193.30612244897958,
      "button": 0,
      "frequency": 211.28204791122093
    },
    {
      "time": 193.28290249433107,
      "button": 0,
      "frequency": 211.28204791122093
    }
  ],
  "freq_range": {
    "min": 211.28204791122093,
    "max": 405.81912517781325
  }
}